timestamp,none:startupDurationMs,latest:startupDurationMs,snapshot:startupDurationMs,none:minHeapUsed,latest:minHeapUsed,snapshot:minHeapUsed,none:maxHeapUsed,latest:maxHeapUsed,snapshot:maxHeapUsed,none:totalAllocatedMB,latest:totalAllocatedMB,snapshot:totalAllocatedMB,none:totalGCTime,latest:totalGCTime,snapshot:totalGCTime,none:maxThreadContextSwitchRate,latest:maxThreadContextSwitchRate,snapshot:maxThreadContextSwitchRate,none:iterationAvg,latest:iterationAvg,snapshot:iterationAvg,none:iterationP95,latest:iterationP95,snapshot:iterationP95,none:requestAvg,latest:requestAvg,snapshot:requestAvg,none:requestP95,latest:requestP95,snapshot:requestP95,none:netReadAvg,latest:netReadAvg,snapshot:netReadAvg,none:netWriteAvg,latest:netWriteAvg,snapshot:netWriteAvg,none:peakThreadCount,latest:peakThreadCount,snapshot:peakThreadCount,none:averageCpuUser,latest:averageCpuUser,snapshot:averageCpuUser,none:maxCpuUser,latest:maxCpuUser,snapshot:maxCpuUser,none:averageMachineCpuTotal,latest:averageMachineCpuTotal,snapshot:averageMachineCpuTotal,none:runDurationMs,latest:runDurationMs,snapshot:runDurationMs,none:gcPauseMs,latest:gcPauseMs,snapshot:gcPauseMs
1639026875,15647,16562,17162,71303168,83274240,85338624,268435456,344981504,326107136,10518.07022857666,13959.215835571289,14102.971572875977,1732902265,1765221072,1890506690,31375.2,36661.332,37182.137,139.53070324259974,138.28430252980007,139.65082863219976,234.3272811,212.31852465000003,209.57623820000003,10.321961434866703,10.129627874877878,10.209930215811289,31.280316900000003,31.49289800000001,31.900227050000005,5894492,3094449,3066949,8353496,15750456,15625424,42,49,48,0.56451094,0.5275293,0.53554595,0.84,0.6,0.625,0.98584926,0.9839784,0.9855709,142920,142560,143681,1827,1883,1991
1639113362,16722,18588,18647,70254592,79108608,81772032,255709184,299855360,314572800,10123.730651855469,13929.571990966797,13800.153327941895,1966830788,2495846621,2186096310,28807.818,33301.168,32801.918,167.3578210851997,166.30635211759937,168.54912099019964,276.75530730000014,252.26279879999998,257.92892515,12.35648492540012,12.099523341177786,12.28379245071104,38.546085250000004,38.128552400000004,38.854372,4893022,2569219,2540199,7037728,13153852,13083614,43,49,49,0.5509761,0.5152669,0.5176151,0.83756346,0.6281407,0.62,0.9872098,0.9855422,0.9855685,171285,170865,172939,2109,2626,2392
1639199663,15530,16545,17410,72351744,84377088,81264640,255328256,314337792,320864256,10507.760841369629,14068.044456481934,14365.422554016113,1778451342,2288795252,2140406574,34505.25,37019.883,37452.562,149.22439153020025,144.24312680580033,143.8152142385998,252.75600020000002,219.65277110000008,215.72724395,11.04946313045547,10.544317437644471,10.544440972566731,33.72388090000001,33.05026305000001,32.395021250000006,5507270,2974461,2975881,7836663,15296473,15210484,42,50,48,0.5684958,0.53211486,0.530281,0.8592965,0.6130653,0.6130653,0.98684996,0.98551553,0.9811837,152981,148635,148278,1937,2449,2265
1639286111,16149,18446,18653,69206016,81192960,81788928,284044800,272671744,334495744,10799.00227355957,13712.355270385742,13803.669738769531,1974663074,2485875843,2122709518,31056.967,30248.5,33454.465,159.8483992505996,155.5363699776004,151.82471363979985,278.20204409999997,237.1836939,228.70635460000003,11.848049951922304,11.427018433922282,11.134156025144518,36.89922780000001,35.642201050000004,33.623395,5134190,2751816,2810085,7348181,14047656,14288190,43,48,48,0.5723283,0.53222066,0.527363,0.84343433,0.61809045,0.61,0.98646283,0.9844855,0.98270696,164175,159836,156753,2112,2604,2186
1639372419,14164,14976,14364,72351744,84365824,80076800,254684672,341835776,355467264,10764.999404907227,14076.300048828125,14229.035041809082,1687102922,1720885035,1635783803,38322.004,40902.492,38782.08,139.17905191599962,131.12980622440006,126.9365589192003,234.63172075000003,200.52872985000002,194.05131790000002,10.35251957544433,9.636950684255481,9.316266458688935,32.08432585,30.066177550000003,28.565156100000003,5916810,3266166,3359805,8431375,16591219,17181735,43,48,47,0.5889136,0.53822553,0.52513146,0.8159204,0.6080402,0.6069652,0.9854918,0.98130214,0.980326,142773,135321,131111,1787,1778,1687
1639458939,14291,14400,14381,71827456,79675904,81161216,275407352,337087488,355873280,10471.156875610352,14265.406967163086,14430.35929107666,1887246242,1708701642,1759252967,38072.64,44325.01,44343.19,122.43630759919989,118.71718163580015,119.65249874099966,208.49609825000002,183.16989435,184.65577720000005,9.02542160765565,8.681996152311074,8.7498969879555,28.18722525,26.936254750000003,27.54615315000002,6713650,3612376,3592926,9442329,18389948,18340956,42,49,49,0.57153136,0.5224023,0.52457947,0.8341709,0.60199004,0.605,0.9852962,0.97607934,0.98286426,125745,123080,123288,2007,1754,1837
1639545359,16801,18315,18435,69730304,78616064,80206336,253456384,314980864,328728576,10198.065208435059,13760.038879394531,13734.364761352539,1853509406,2043900031,1773242134,32475.963,32845.816,34092.3,164.90828659679966,159.57429080820003,158.38902200799987,274.08557315,245.3152418,239.13849105000003,12.09199127245551,11.577322475722175,11.523556438044393,38.09920385000002,36.58445435,36.097559000000004,4967303,2690635,2703844,7132467,13732739,13861321,43,48,48,0.5551229,0.5023862,0.5016557,0.83919597,0.60199004,0.595,0.9866515,0.9813452,0.98498714,169077,164549,162706,1981,2124,1889
1639632022,16487,18260,17508,65011712,80740352,74448896,258998272,307165696,328728576,10371.522232055664,13698.610565185547,13755.363800048828,1808875541,1991977548,1948827015,32467.76,34412.79,34714.93,160.6256983527999,157.06144846539996,155.79003762039986,280.2296377,235.65406320000002,235.47064185000002,11.788987369333283,11.442787440322164,11.335783552333195,36.511278950000005,35.471049,35.626560900000015,5095735,2718354,2744618,7323640,13884801,14050727,43,49,49,0.5484853,0.5136464,0.5039064,0.83756346,0.6169154,0.605,0.98387504,0.9841938,0.9816399,165045,161624,160376,1910,2107,1998
1639718002,14400,15140,15167,73400320,84881408,86507520,255966240,346030080,353910272,11026.666053771973,14503.3129196167,14223.766677856445,1840410591,1661094385,1624520570,35374.312,38985.797,39734.125,131.10438466979974,126.5630654805999,129.5553081430006,219.4970199500001,194.10098505000002,197.32849275,9.658235328211129,9.248884262888904,9.474022914977816,29.754569900000003,28.549287950000004,29.656360100000036,6268886,3382256,3301006,8850029,17220734,16760051,41,48,51,0.57485497,0.5322651,0.5372054,0.8484849,0.615,0.605,0.98512506,0.98379874,0.98434657,134732,130421,133170,1944,1753,1657
1639804411,13996,15106,16041,69206016,82800640,85983232,294533632,331430912,354158592,10657.034713745117,13964.504096984863,14797.465927124023,1546948656,1754599868,1639087519,37250.977,39732.254,39356.63,128.71469434259973,126.61246870099991,130.5439641035994,212.39506920000002,193.98473975000002,199.81174130000002,9.514629488044427,9.30769415712236,9.562441612888854,29.596140050000006,28.738286650000003,29.7284221,6405051,3380013,3280387,9053388,17245102,16722165,42,49,51,0.5710062,0.5291318,0.5403275,0.8333333,0.6169154,0.6130653,0.9869828,0.98469317,0.9845916,131845,130417,134213,1619,1841,1732
1639890893,15594,17360,17266,70778880,80200704,86458880,250433152,349676032,287834112,10490.589988708496,14155.0580368042,14519.247520446777,1960575007,1856033114,2339973089,34794.88,38418.848,35712.117,140.16057781080013,138.5825685646002,139.77230725000018,232.60078555,211.90701630000004,211.63226545,10.366233720711094,10.116677384722333,10.257871448555695,31.84402950000001,30.9593521,31.783950000000015,5870380,3088167,3067704,8337836,15777912,15692099,43,48,51,0.5645031,0.53036046,0.53488934,0.83,0.6,0.61,0.98615235,0.98457307,0.9821526,143952,142365,144356,2057,1907,2443
1639977359,15601,17238,18215,68157440,78643200,84215296,283928160,371686400,301465600,10739.431922912598,14049.56770324707,14082.615417480469,2162550065,1827784405,2249025065,32782.664,35392.254,36743.2,154.04177124220035,148.5960135098004,147.7639197895997,266.57693910000006,223.38308785,224.81676270000003,11.433561141577714,10.85475441054452,10.759889360011178,35.237529600000016,33.25744760000001,33.41982225000002,5339886,2885899,2886245,7635760,14792898,14796640,43,48,50,0.5825116,0.5351599,0.5374694,0.84577113,0.60301507,0.6080402,0.9859535,0.9844879,0.98253876,158078,152581,152389,2266,1827,2388
1640063771,15894,17532,18502,69726208,82231296,85458944,301932064,286019072,328204288,10655.857475280762,14094.211639404297,14205.133522033691,2372966955,2423739478,2112150859,32510.693,35151.023,36913.344,155.85190821020015,148.1670471672001,147.8707258272,262.9053937,227.84226820000003,222.13788195,11.53483993577784,10.869880411788735,10.800304913633203,35.202383300000015,33.84222805,33.04709790000001,5260600,2888783,2888579,7529191,14666858,14781297,42,49,51,0.5822849,0.5333297,0.53360623,0.8527919,0.6119403,0.6482412,0.9861137,0.98408103,0.9832959,159907,152425,152518,2477,2533,2215
1640150055,14619,14103,15237,71827456,84338176,89653248,256590848,314844672,327680000,10842.384185791016,14140.727676391602,14350.604751586914,1638466413,1783111616,1777578427,34456.6,38426.016,43279.477,125.9315988645999,123.9442639551997,118.71727579220044,206.04551875,188.74538205000002,182.21743010000003,9.31684311408888,9.02239492387788,8.646691957166668,28.58127915000001,28.339916050000003,27.045824950000004,6533781,3447933,3610027,9253457,17435637,18397072,42,48,48,0.58111775,0.52810013,0.5346088,0.83919597,0.5920398,0.60913706,0.9859851,0.9798932,0.98356706,128812,128270,122052,1767,1876,1866
1640236463,14037,15096,15111,70254592,83275264,85458944,276703744,339825152,328511488,10344.6909866333,14196.61157989502,14319.49112701416,1433204703,1546606124,1827428270,36708.574,37461.156,34999.1,131.6490150029999,125.68408759379999,130.92783899800014,221.3037960000001,192.35738995000003,200.87507920000002,9.760164821655634,9.210767694344439,9.618808415755677,30.18569795,28.420331100000002,29.63284595,6238362,3393379,3261663,8797063,17260845,16638493,41,48,50,0.57722014,0.5311434,0.5350604,0.83168316,0.6060606,0.60301507,0.9868809,0.9843824,0.98173237,134741,129284,135218,1533,1595,1878
1640322937,15601,17390,17459,67633152,82274816,86197760,252484096,320864256,317557760,10677.762756347656,13945.201683044434,14266.286056518555,2046951733,2126099776,2524233969,33743.72,33146.0,33088.7,150.25965958219984,143.40912747199982,147.98589729580019,246.318755,223.07415085000002,224.5495821,11.13274532315564,10.511331657611196,10.816428022922176,34.03936500000001,32.23158060000004,33.4385428,5467542,2990328,2888999,7819510,15206115,14799806,43,49,50,0.5766334,0.53629065,0.5432023,0.8484849,0.615,0.62,0.9859334,0.9837821,0.983375,153866,147533,152480,2190,2218,2618
1640409326,15573,17203,18222,73924608,81155072,84934656,273016832,294649856,304633856,10532.776145935059,13805.446212768555,14080.781883239746,1769712384,2078547980,2140526251,33245.8,35238.086,35350.0,150.20823202980023,144.11334430420072,144.37560805239937,246.43753435000005,224.1522849,220.64243335,11.105977253466694,10.53430938153342,10.53746301208886,33.16131120000001,33.1542881,32.59621105000001,5461341,2975297,2970237,7800892,15244939,15191763,43,49,50,0.5821299,0.52597743,0.53522384,0.84343433,0.605,0.6231156,0.98685694,0.9839505,0.9840006,153980,148544,148532,1893,2282,2257
1640495718,15590,17510,17544,69206016,80670720,86507520,276176896,346330112,329168896,10375.691513061523,14029.280387878418,14089.152587890625,1789055723,1928182902,1925369289,31372.6,31735.605,37104.51,147.1798258729995,143.90973516019983,142.63384691799945,246.86964155,220.25909600000003,219.25416060000003,10.887862493666654,10.568767984477814,10.424151743388943,33.39248995000002,33.069395450000016,32.117279550000006,5564503,2973967,2996003,7954136,15168587,15263206,43,49,50,0.56936836,0.5310493,0.5371065,0.822335,0.60301507,0.61,0.9861379,0.9829317,0.98540616,150980,148536,146677,1895,1977,2047
1640582584,15567,16297,18204,75497472,82734592,85657600,254616064,321305600,334495744,10673.749198913574,14405.439567565918,14052.534080505371,1724424386,1978604704,2086095860,35585.3,35259.074,33711.156,138.62899540020055,142.08807623000007,146.72771944499993,232.62565545,213.10383270000008,220.3595738,10.248393631111117,10.376582568744276,10.721973813211122,31.51680680000003,32.296451550000015,32.89071315000003,5944285,3005782,2913875,8431042,15343663,14877094,43,49,49,0.57316023,0.533417,0.54105943,0.8507463,0.6080402,0.6130653,0.9866889,0.98377633,0.9819483,141980,146328,151448,1818,2060,2114
1640668432,13030,14117,14191,73924608,82195456,90589696,255480320,337117184,328728576,10675.399070739746,14202.743354797363,14567.680976867676,1569549408,1530940426,1960219238,37715.63,42093.41,37662.836,128.24803405159994,123.24079248100003,115.45461695740023,224.10386305,186.81576280000002,179.83340475,9.501111162133357,8.999272499966612,8.420988967266643,29.71796400000001,28.239537150000004,26.426656200000014,6432596,3473196,3700306,9083885,17653768,18770567,42,48,49,0.5816168,0.5293739,0.53340834,0.84158415,0.59799,0.60199004,0.9850694,0.9819764,0.98230624,131621,127355,119029,1663,1614,2055
1640754892,18905,14994,15061,70778880,83361792,89128960,255852544,331874304,349050368,10235.087341308594,14007.7216796875,14216.297271728516,1877769177,1749668821,1629162002,36310.47,37976.8,38634.984,148.8226987067999,125.43243230720032,132.2470474149998,281.22756130000005,194.64525305,218.6583869,10.859158212133439,9.197147069744481,9.624579208444464,34.83432780000001,28.681104950000016,30.686983050000034,5527620,3412362,3256675,7929260,17355557,16600283,43,48,49,0.57257724,0.5314167,0.5253041,0.85,0.59799,0.62,0.9883968,0.9831696,0.98416436,152839,129237,136231,1978,1812,1675
1640841264,13130,15252,15409,67633152,83777024,86481920,304475136,343911424,315097088,10864.647674560547,14229.720932006836,14189.853385925293,1434596585,1686191588,1951684990,42521.348,35606.074,43268.875,134.90599238579952,128.95774865720017,132.11856545299977,228.54240915000005,197.29546835000002,199.24635035000003,9.99775040895561,9.477063604700003,9.68461808674444,30.64936910000001,29.015482300000006,30.04106605000003,6103365,3316958,3226374,8656851,16911636,16451170,41,47,48,0.5814287,0.53224653,0.54276675,0.8308458,0.5959596,0.615,0.987061,0.9839529,0.98338616,137968,132490,136221,1516,1734,2014
1640927652,13762,15241,15093,71827456,80168448,89128960,267212288,333028352,329136640,10767.322624206543,14207.151062011719,14136.384902954102,1648675521,1658585407,1721471837,36878.723,39818.21,42034.098,129.9933765173997,124.12684740879985,123.23071775459997,216.61003725000003,189.60113775,188.51818930000002,9.626256782311135,9.07636059966663,8.968500754633318,29.682201000000006,28.382796000000003,27.941659,6336166,3446575,3457852,8958332,17466645,17617981,42,49,48,0.5681637,0.525825,0.5329521,0.8358209,0.6010101,0.595,0.98412716,0.9799526,0.9818211,133681,128253,127159,1738,1706,1783
1641014035,13669,15003,15056,72876032,85313536,87031808,270400000,293601280,329550336,10778.005584716797,14099.501686096191,14259.252090454102,1463866625,1824626301,1747306239,38680.566,40843.992,37548.605,126.06241343540059,120.55798342199986,123.06345333560016,219.808278,184.57859590000004,189.94407775000002,9.313418178800008,8.806354393099928,9.006518416377785,28.810666900000008,27.35338595,28.057879900000003,6530986,3557728,3465660,9207022,18093004,17691585,41,48,49,0.5802778,0.52731013,0.5330319,0.8291457,0.61809045,0.6169154,0.9842476,0.98300505,0.9812101,129571,124247,127127,1554,1987,1786
1641100445,13499,14279,15162,70254592,82614272,88013824,308805632,368574464,295698432,10681.710075378418,14017.269088745117,14128.574234008789,1412952294,1468524577,1882884683,41607.438,40350.535,39888.5,131.5910833624,123.30726555079995,125.87564461279997,222.11211465000002,187.19908635000002,195.30592235000003,9.752292371110991,9.04423278149993,9.213240600177787,30.062096900000004,27.661700000000003,28.66821905000001,6233702,3483958,3398581,8843387,17707815,17327170,42,48,50,0.5763773,0.5229074,0.5331798,0.8040201,0.60913706,0.6080402,0.98549795,0.98276424,0.9776902,134669,127297,130055,1477,1499,1979
1641186971,16154,18398,18220,68681728,80189440,83011072,287309824,300941312,312373248,10425.273719787598,13924.235466003418,13925.98550415039,2166545564,2168579872,2227359580,30379.7,38476.9,36025.996,156.46063575700046,144.07035079899993,151.59687987139955,271.55589304999995,223.72493500000002,235.51059075000003,11.68484348652204,10.526415531199937,11.089291462655558,36.43782200000004,32.74154120000001,34.66243010000001,5232918,2978813,2814937,7501802,15209691,14341763,42,49,51,0.5875457,0.5322909,0.53548247,0.83,0.645,0.6080402,0.98765934,0.98325706,0.9848491,160014,148748,155567,2280,2319,2295
1641273275,14143,15150,16102,69730304,81709568,92457984,259902464,335544320,305659904,10444.942970275879,14083.636520385742,14321.072036743164,1600555471,1695447630,1930659161,41945.0,40501.4,38685.5,127.18536562580012,128.3007684378,128.84976931640006,214.4507016,198.69302975,194.242028,9.450198830189047,9.405203691788982,9.451863040711252,29.311993600000005,29.271611000000004,29.474962000000012,6461318,3332457,3317791,9124706,16963254,16952585,42,48,49,0.5697738,0.53239256,0.53769594,0.8168317,0.61616164,0.59799,0.9855232,0.98333865,0.9841104,130833,132283,132402,1719,1746,2007
1786171025,13055,12465,12373,11386,145667072,260566240,243481600,233199152,515793568,758768664,628567552,625611760,19227.52919769287,23431.80051422119,23726.35620880127,23538.592880249023,630911697,929942836,877538703,881185789,62905.336,62361.984,62518.938,62774.656,47.86322699099997,51.31802078740007,50.521717633600005,50.49425915320017,70.35030495000001,74.5697285,72.4056699,72.03729,3.7306574614000505,3.9964488608555686,3.927752208655596,3.909347923866649,9.128971400000001,9.947963950000002,9.78335375,9.63748695,16150159,15485562,15883450,15864690,21783324,81252967,83482149,83428083,39,51,51,50,0.35992014,0.3550695,0.35517615,0.3582147,0.45591938,0.518797,0.4888889,0.49625936,0.9731515,0.9739783,0.97017294,0.9695393,49019,51940,51887,51880,630,929,877,881
1786271057,12224,12121,12232,13215,252217464,155796672,123523072,102202648,736851224,569722104,541538816,596853248,19268.4546585083,22626.97625732422,24205.485443115234,23303.735679626465,742488071,726343657,355463842,445859024,61530.09,62523.09,65113.355,65540.37,48.32839670080004,51.60302880900014,48.18039945780006,48.56645238260016,72.93590185000001,75.79545590000004,70.15538735000001,71.5054556,3.745236442300052,4.022361361666635,3.726522497177773,3.7583005276555226,9.301031700000001,10.020791000000003,9.146851500000006,9.23125245,16066800,15547285,16470277,16379112,21665116,81545325,86655596,85946978,39,52,50,49,0.35247874,0.3685641,0.34447086,0.34969318,0.4483627,0.5125628,0.50626564,0.49382716,0.97388625,0.9744178,0.973108,0.9710011,48990,52935,48873,49889,742,726,355,458
1786358852,12491,12227,12292,12344,129677312,105048960,148267008,135091184,446804992,594204672,428052480,408473920,19228.719207763672,24276.683235168457,24074.354362487793,23595.353118896484,415187342,437096183,500693772,544790664,63297.28,64168.934,64537.484,62853.86,46.27987598699989,48.83597790980007,48.07759913479999,49.874783886200184,67.9452887,71.16796965000002,69.32890195,72.4313791,3.5826456646444647,3.796380773755576,3.702784963844455,3.8681503233777423,8.800435300000002,9.372872750000003,9.11091615,9.501428300000004,16558394,16232756,16620528,16107914,22336958,85293160,87303003,84422775,39,51,50,50,0.3452888,0.34156796,0.3483597,0.3574369,0.4529703,0.5075,0.49875313,0.49874687,0.97317356,0.9721556,0.97360736,0.97446334,46960,49925,48885,50873,415,452,500,544
1786444445,10365,13219,12285,12362,109831256,104273312,274167776,240980408,406260992,605038592,635922944,662414504,19374.911056518555,25337.644081115723,24362.336067199707,24152.201065063477,369892442,468112756,764670628,792658182,61855.86,64965.81,63487.254,64520.797,46.26750698880017,51.69784753240004,48.629878467000076,47.29601137360001,64.34276875,74.65228320000001,70.38980630000002,65.8181802,3.5694051755333573,4.03149855907773,3.776589721566691,3.656035694166725,8.53923585,9.887146600000003,9.511825350000002,9.0315431,16453307,15421284,16425903,16793860,22199898,80762008,86257209,88172338,39,52,50,51,0.36162895,0.37267897,0.3523984,0.33759248,0.4447236,0.45885286,0.51,0.48241207,0.9690296,0.974602,0.97177243,0.9710609,46936,52925,49886,47894,369,482,764,792
1786531101,9001,11283,12295,12283,283614288,105873568,227307216,241832528,716289344,606715904,632165376,651658176,20086.047622680664,23416.237274169922,22557.985137939453,23398.473861694336,733619325,507186780,847431037,812924305,69348.9,69745.98,71104.25,72131.26,45.13787546240012,48.37082607780015,51.57782449140002,47.878785811999975,69.97976700000001,72.36865475,79.32524115,71.13246985000002,3.490575440577831,3.7869365816555427,4.0666363403888255,3.7408178322444163,8.50254705,9.072995000000002,10.132056050000006,9.244364400000002,16839860,16470728,15184332,16656934,22713167,86520656,79408750,87349457,39,51,50,51,0.3455878,0.35702786,0.39390516,0.3677589,0.44110274,0.5062344,0.52592593,0.5344828,0.96423227,0.97271657,0.97237957,0.9719419,46002,48953,52914,48896,733,545,847,812
1786619220,11511,12271,12324,12161,271724032,134784000,124557824,123264000,668874384,488919040,527053824,497436672,19254.42308807373,24242.240615844727,24369.9874420166,24381.32945251465,756906470,404406240,369954092,389465031,64406.32,64792.227,65940.74,65821.66,46.97756568380012,47.27167108560007,47.59986747279995,46.94410348699994,68.42618335,64.73869795000002,68.52936960000002,65.54113485000002,3.6336768457111135,3.645456274555542,3.690449169466614,3.621416766266623,8.938729,8.846463250000003,8.97422815,8.8481903,16531039,16765954,16602927,17062437,22297072,88150837,87271362,89753664,39,50,50,50,0.36232916,0.33973017,0.35322917,0.34291673,0.45864663,0.43467337,0.49751243,0.49373433,0.97535956,0.97189057,0.9641964,0.9712614,47919,47921,48891,47880,768,404,369,389
1786704169,8724,13151,13201,12277,259684416,152502784,214580032,125411840,685644776,507842048,638549256,510865920,19237.18448638916,23411.344757080078,23215.462310791016,24388.931480407715,800378169,695347727,857872257,390388261,68591.82,69231.586,70053.375,71486.45,46.1913935159998,48.50917974400014,48.87866729620005,47.07852524460021,70.06719750000003,74.09249625000001,70.91143795,67.93088595,3.6189266700333658,3.768928659866694,3.806113397044465,3.6470667859999915,8.7278085,9.149473300000004,9.298986850000004,8.66268655,16537107,16401636,16342784,16836432,22305213,86238463,85734708,88320851,39,49,50,50,0.36031744,0.35915866,0.35989878,0.35420218,0.44278607,0.5286783,0.5087282,0.5124378,0.97155803,0.96882856,0.9677599,0.9678556,46985,49927,49907,47884,800,695,857,390
1786787544,11871,13200,13148,13308,266192832,243155744,104895040,134591776,705637344,649956448,627228160,463060032,18779.4955368042,22552.751953125,22347.360458374023,23548.261528015137,834683221,831045998,502287341,672663004,63817.555,70471.81,68995.805,69002.3,51.17213170539994,50.67516340819986,50.81705870079976,48.4873925045999,74.07540990000001,76.5983242,75.99413585,70.15795874999999,4.032212644044439,3.978496155411067,3.966616598622261,3.76681148510005,9.55465500000001,9.597951550000001,9.38646495,9.010858350000005,14938084,15767449,15461218,16338911,20125427,82813276,81055172,85862373,39,51,52,51,0.3884742,0.36891487,0.3738854,0.35467774,0.46867168,0.5323383,0.52,0.49751243,0.9737325,0.9687055,0.97544366,0.9675702,51952,51845,51901,49869,834,831,515,672
1786872612,10559,10090,9600,9820,353478144,233601672,274532096,242969408,748683264,644603136,604298144,617283184,24181.336853027344,25594.94139099121,28473.4564743042,28665.1863861084,519575181,544878784,599550032,514880428,97574.21,97837.37,98025.19,99696.75,27.158262490599974,31.02494508020003,30.34601111659992,30.801277919800025,38.81820535000001,44.46427655,41.6900895,42.26895385,2.0556750929444396,2.3868767401222257,2.334966989944448,2.3762754016222245,4.569773400000001,5.3366484000000005,5.212719900000001,5.30612965,26864642,24985833,26081185,25425020,36270520,130926048,136454328,132857260,39,50,50,50,0.35270205,0.39886898,0.40036958,0.39654198,0.4310777,0.45477387,0.4385965,0.4648241,0.933353,0.94275147,0.9510509,0.9319302,29026,32110,31112,31816,519,544,599,514
1786960717,9197,12317,12267,12375,268672960,131469824,104447752,259542448,674476032,516087808,643375104,724858880,19354.449699401855,24314.179969787598,24334.484085083008,24370.940353393555,781653205,412160790,337117487,838883805,63532.434,63926.035,64126.7,64079.152,49.03883791880005,49.04137275599996,48.19611335579993,48.40256057479992,71.5256542,68.16780915000001,70.3372187,68.88665895000001,3.8193766230444575,3.7965662780222016,3.7237410165667173,3.741947981211087,9.39798985,9.198466400000003,9.157212450000003,9.44530105,15852808,16119895,16565402,16378658,21375912,84646948,87114288,85964968,39,51,50,49,0.36541167,0.3565484,0.34065175,0.3504823,0.4722222,0.45185184,0.495,0.49627793,0.9681715,0.97505015,0.97153217,0.9667653,49996,49931,48876,49882,781,412,350,838
1787047358,12290,11938,11114,11142,118155696,109676032,147879968,214860800,446388096,460843520,447450016,528971776,20004.743453979492,25149.01929473877,25109.78295135498,25321.6304397583,1591642085,1541226139,1908546543,2036455902,70902.336,78281.234,78167.53,78634.25,42.750023387,43.62157850760005,42.579927335599976,43.00371631659996,61.48721480000001,64.6192754,61.242949700000004,61.54213360000001,3.348804804733342,3.3740448964778134,3.289874989777812,3.3152223071000235,7.750375750000002,7.914263350000001,7.716131000000002,7.852578250000006,17923580,18189803,18774662,18579526,24194184,95582370,98817993,97765767,39,50,50,50,0.38340142,0.40382472,0.3976188,0.3974377,0.5,0.49622166,0.53731346,0.53482586,0.95512164,0.962717,0.9696154,0.96969646,43924,44922,43905,43894,1591,1541,1908,2036
1787131984,10789,13290,12321,12244,273013712,247873536,126585856,158342952,692217424,744228112,554244608,500411904,19384.982131958008,23432.3134765625,24300.78197479248,23503.74309539795,749809827,853826126,351164383,816611948,61636.61,62468.82,63994.8,64063.566,48.05120044759989,51.06316574379993,48.031151634600015,50.16220937580004,71.29272525000002,76.09269465000003,67.49366405000002,72.76067930000002,3.724412999133356,3.9544931698333525,3.697792834022226,3.9008513066333563,9.1928294,9.908875500000002,8.961665,9.656608700000005,15985443,15644320,16574872,16018814,21554938,82221965,87318921,84243883,39,50,49,50,0.35910806,0.3572157,0.34026667,0.36046848,0.44810125,0.5075,0.48621553,0.50497514,0.96622854,0.97246045,0.9745181,0.97257125,48974,51912,48894,50903,749,853,351,816
1787218743,9239,13304,12286,12315,145760256,140693264,131066096,256707896,407195744,408137184,446118080,665202688,19178.84686279297,24342.291847229004,24273.91429901123,23551.267669677734,465417923,583324053,483869161,815674380,60615.594,63699.05,63868.055,63622.35,47.35726722579987,50.6424059505999,47.58489991559995,50.65037545040003,70.5389995,70.1264041,67.35325105,75.01363825000001,3.665865146133337,3.9480315329332845,3.6617519949333173,3.95583718385555,9.001300050000003,9.626298950000002,8.9534339,9.859426650000001,16314015,15674428,16768419,15744114,22007652,82299544,88092252,82724771,39,52,49,52,0.3519932,0.36824656,0.34219682,0.36921516,0.43890274,0.445,0.50877196,0.50497514,0.97308016,0.974549,0.9710772,0.973362,47998,51898,48887,51883,465,583,483,815
1787304206,9448,13289,13208,13185,229494264,145022976,144856928,101849920,629541216,508243456,430771200,607282688,19258.55442047119,22660.846221923828,22445.442810058594,22688.98624420166,787039693,742560497,598423034,475677525,66398.12,69227.766,68094.85,68101.86,48.33501244099997,51.88131641459988,51.12264702979985,50.77837508759996,70.30437495000001,78.05607930000001,75.70622390000001,77.5844732,3.779796812877723,4.05952873961106,4.005442890066668,3.9740221866666605,8.888401650000002,9.690803299999999,9.4850258,9.479506100000002,15975264,15192671,15600392,15399350,21549199,79623087,81810970,80993592,39,52,51,51,0.3676905,0.38597143,0.38366157,0.3731308,0.4540943,0.52238804,0.5369458,0.54567903,0.966079,0.9764055,0.9753677,0.9732467,49022,52933,51901,51937,787,742,598,494
1787391589,11913,12293,12300,12288,89502456,152922112,200504360,101105024,579552768,527143424,645643264,598695936,19339.39404296875,24298.575271606445,23487.39902496338,24373.15030670166,416421263,716760273,813009322,343255318,64890.254,64701.277,65240.58,65229.96,47.48294789100004,48.94945609619983,49.229563112400065,47.433632065200044,70.66532720000002,69.45556090000001,71.76691600000001,69.8781136,3.669121690477762,3.8079945494332894,3.831543799344407,3.66359478086667,8.9756225,9.372497550000002,9.631957200000011,8.899876000000006,16310619,16173143,16355940,16728877,22000489,84996292,85826950,87826875,39,50,50,50,0.3481071,0.35458994,0.36548674,0.34660783,0.45,0.49373433,0.5037594,0.49379653,0.9558485,0.9722457,0.9736094,0.96904737,48979,49926,49884,48884,422,716,813,364
1787477520,12245,12343,11401,12287,146392464,265366472,122912768,238396416,470450688,656034816,542597632,854009168,19237.514839172363,24371.65811920166,24144.68881225586,23489.388397216797,533825373,807929801,368896636,800098355,62327.535,63108.434,64464.47,63406.133,46.30620349439989,49.780823007399974,48.817427812799835,50.09472866480001,65.71512955,69.90549075,70.54495270000001,73.48231325000002,3.571421499411117,3.8735568769777764,3.777604682755572,3.8822643389444274,8.80018995,9.684613950000019,9.185604,9.638588550000001,16648945,15927832,16243889,16113272,22457317,83464811,85402148,84630476,38,50,50,50,0.35661525,0.3444701,0.351689,0.35839576,0.4321608,0.45137158,0.49759614,0.5087282,0.970537,0.9705249,0.97301054,0.97405726,46967,50920,49882,50889,533,807,368,800
1787565429,10472,13043,13383,10395,352394424,131495936,125577728,299854848,785404608,462349312,578340352,718389792,23066.73860168457,27742.570014953613,27559.362258911133,28584.581085205078,594338956,354158517,273175487,634495857,87197.74,86595.28,86378.945,88406.36,31.573309678199934,34.83091068340014,34.54271595039993,33.5746169858001,45.82966465000001,46.30422795,47.2507163,44.994185,2.41738974918888,2.6954113474,2.655059037400019,2.5927204865666567,5.8620837,6.4284033,6.3746130500000024,6.2456085,23843213,22790492,23000118,23231386,32192812,119987138,120774081,121425915,38,50,50,51,0.29879838,0.31907183,0.31463787,0.31207243,0.4175,0.37688443,0.37121212,0.37185928,0.945378,0.9372556,0.9221932,0.93634504,32501,35893,35809,34859,594,354,273,634
1787650783,12216,12370,12268,12194,249293520,245255168,251326784,151777840,653136048,761890368,628940832,457036992,18651.463485717773,23553.58243560791,23454.386688232422,24361.316093444824,721306454,756519415,919263245,683786150,62251.8,63035.88,62867.48,64897.16,49.25893291100006,50.554899653400106,51.64925517580006,46.62714221199985,73.54895460000003,76.50219750000001,76.23749860000002,65.28427005000002,3.842077859855634,3.9348758112666307,4.030998043022198,3.6061456282334,9.42533705,9.875568399999999,9.9685339,8.83609815,15951650,15735269,15388378,16873917,21509962,82577766,80788918,88903748,39,51,51,50,0.3677016,0.34872028,0.3744809,0.33498305,0.45864663,0.50377834,0.5286783,0.4800995,0.97677284,0.96983564,0.97347224,0.96828103,50054,51941,52931,47884,721,756,919,683
1787737110,14131,12402,13292,12308,276849536,251559744,249169960,264841664,678204240,716071360,654705232,671480256,19192.419555664062,24435.888442993164,24134.139602661133,24387.469581604004,790442257,814766763,798547609,870066367,60318.27,63263.84,63616.83,63609.156,47.6681105162,50.17115015040002,48.22281105020002,48.34046766259978,70.63584350000001,74.13797800000002,67.21471604999999,67.0312026,3.677591996433315,3.911681607299966,3.7298746208221747,3.75187934193334,9.1239413,9.691617800000001,9.3022195,9.464875150000003,16088064,15817710,16546416,16474076,21695978,83075160,86882344,86628972,39,52,51,52,0.35130915,0.35958213,0.3475225,0.35015288,0.459799,0.5186104,0.48120302,0.47103274,0.972575,0.97170776,0.9719772,0.97117525,48979,50942,48887,48936,790,814,798,870
1787860252,10674,12164,13138,12250,193057264,129226248,265855528,227380632,664363560,422796288,740842576,586073152,19383.059242248535,23299.90602874756,23953.27350616455,24440.590225219727,754476554,547902752,840304664,831369371,67748.83,71183.45,70614.37,71770.336,47.20715134459999,48.72012117240001,46.86586923179996,46.84417298399987,70.888345,70.18306445000002,69.13861750000001,67.7153764,3.6862393126889046,3.8138396396000456,3.652468909355522,3.6566504781889453,8.933533400000002,9.126720800000001,8.968475800000004,8.899177650000002,16225793,16372760,16878063,16916710,21886121,86115964,88602652,89007896,39,50,50,50,0.37020257,0.35992226,0.35512015,0.36080766,0.46882793,0.5188917,0.49874687,0.509901,0.9715347,0.9730759,0.9713442,0.9729629,47942,49925,47923,47797,754,547,840,831
1787951130,9308,10341,11235,10300,120594000,301024384,127565312,161667240,406683760,685574232,559229952,546897792,22623.663162231445,28371.49813079834,27675.306121826172,28482.15200805664,323370719,646766475,303559326,528416643,87545.93,83694.16,83458.73,86414.12,32.61321912860001,36.21037946300004,35.94661220280001,34.34947468440002,48.858777800000006,50.46766445,49.1183565,46.13428805,2.517107005566698,2.804128373222216,2.7742236303888457,2.651260377955539,6.020399500000002,6.831735050000002,6.539420100000001,6.32925905,23612910,21942380,22037693,23088916,31872965,115045374,115905425,121043845,39,49,50,50,0.31181207,0.32236257,0.31350714,0.31523272,0.44360903,0.4120603,0.358396,0.355,0.9506863,0.95298654,0.94478595,0.94696254,33917,36898,36874,34914,323,646,303,528
1788018505,8950,12352,12104,12132,283793616,160040576,141357728,140847280,788889032,511661056,539371824,432423424,19888.849937438965,24451.646438598633,24362.569862365723,25257.82537841797,713682801,705755663,707122473,514837717,68011.89,71642.81,71777.93,71978.71,44.95649348100004,46.396233870199985,45.456542432999946,44.936137174799946,62.72140865,67.93830620000001,66.10051820000002,63.46038365000001,3.506217114411089,3.5803368947666696,3.5245835354777673,3.475924585211108,8.331433050000001,8.722251500000002,8.53282105,8.3175032,17043733,16895442,17629698,17562050,22993944,88804683,92717549,92378392,39,49,51,51,0.35916778,0.35119218,0.34036884,0.334986,0.44080603,0.5175,0.4950495,0.48120302,0.97175074,0.96712095,0.96832913,0.9588481,46027,47931,46888,45868,713,705,707,514
1788102442,12835,12321,11336,12301,156314576,248972288,233005504,121222256,474828784,713754272,638509744,493002240,19161.483123779297,24449.190132141113,23471.671661376953,23587.290893554688,553249592,867502576,840079468,428961837,65179.363,64347.992,65121.004,63957.535,42.64392663979984,47.90472172739994,49.9527696254002,50.49273951760002,63.529636950000004,66.0761549,71.88436105000001,73.15659715000001,3.2798619720333106,3.706567271588875,3.88658082698889,3.9401736731888453,8.148326850000009,9.127017200000008,9.662577400000005,9.62561385,18037480,16610225,16102622,15953649,24333432,87295919,84561104,83777199,38,50,49,51,0.31369847,0.34590694,0.36653617,0.36575714,0.47727272,0.47117794,0.5276382,0.5037221,0.9676209,0.9696557,0.9733609,0.9712041,43909,48899,50915,51882,553,867,840,428
